ZIP_CODE,COUNTY,STATE,NAME,CITY,REGION,ADDRESS
400001,India,Maharastra,"Aardbark, Inc.",Mumbai,India,"A 400001 M.R.A. Police Quarters,M.R.A. Road,Fort"
400002,India,Maharastra,"Aardbark, Inc.",Mumbai,India,"A 400001 M.R.A. Bmc Colony,M.R.A. Road,Fort"
400003,India,Maharastra,"Aardbark, Inc.",Mumbai,India,"A 400005 Ganeshmurthi Nagar Part No 2,Captain Prakash Pethe Marg,Colaba"
400004,India,Maharastra,"Aardbark, Inc.",Mumbai,India,"A 400005 Ganeshmurthi Nagar Part No 1,3,Captain Prakash Pethe Marg,Colaba"
400005,India,Maharastra,"Aardbark, Inc.",Mumbai,India,"A 400005 Shivshakti Nagar,Free Press Journal Road,Nariman Point,Colaba"
400006,India,Maharastra,"Aardbark, Inc.",Mumbai,India,"A 400005 Sunder Nagar,Indumati Sakrikar Marg,Near Colaba Market,Colaba"
400007,India,Maharastra,"Aardbark, Inc.",Mumbai,India,"A 400005 Geeta Nagar,Dr Homi Bhabha Road,Near Navy Nagar,Colaba"
400008,India,Maharastra,"Aardbark, Inc.",Mumbai,India,"A 400005 Ambedkar Nagar,Capt. Prakash Pethe Marg,Colaba"
400009,India,Maharastra,"Aardbark, Inc.",Mumbai,India,"A 400005 Azad Nagari,Lala Nigam Road,Colaba"
400010,India,Maharastra,"Aardbark, Inc.",Mumbai,India,"B 400003 Nobel Tower,Zakeria Masjid Street,Near Hotel Hayat,Mandvi"
